note;pitch;duration;onset;chord;voice;category;voice_tab;sequence_id;is_context
3;55;3/16;1;3;2;match;2;0;True
4;67;3/16;1;3;1;match;1;0;True
4;67;3/16;1;3;0;match;0;0;True
5;65;1/16;19/16;4;0;ornamentation;0;0;False
6;64;1/16;5/4;5;0;ornamentation;0;0;False
7;65;1/16;21/16;6;0;ornamentation;0;0;False
8;67;1/16;11/8;7;0;ornamentation;0;0;False
9;69;1/16;23/16;8;0;ornamentation;0;0;False
10;55;1/8;3/2;9;2;repetition;2;0;True
11;67;1/8;3/2;9;1;match;1;0;True
12;70;1/8;3/2;9;0;match;0;0;True
16;55;1/8;2;13;2;match;2;2;True
17;67;1/8;2;13;1;repetition;1;2;True
18;70;1/8;2;13;0;repetition;0;2;True
19;55;1/16;17/8;14;1;ornamentation;0;2;False
20;57;1/16;35/16;15;1;ornamentation;0;2;False
21;58;1/16;9/4;16;1;ornamentation;0;2;False
22;60;1/16;37/16;17;1;ornamentation;0;2;False
23;62;1/16;19/8;18;1;ornamentation;0;2;False
24;64;1/16;39/16;19;1;ornamentation;0;2;False
25;62;1/8;5/2;20;2;match;2;2;True
26;65;1/8;5/2;20;1;match;1;2;True
27;69;1/8;5/2;20;0;match;0;2;True
30;55;1/8;3;23;4;match;1;4;True
31;62;1/8;3;23;2;repetition;0;4;True
32;60;1/16;25/8;24;1;ornamentation;0;4;False
33;62;1/16;51/16;25;1;ornamentation;0;4;False
34;64;1/16;13/4;26;1;ornamentation;0;4;False
35;66;1/16;53/16;27;1;ornamentation;0;4;False
36;67;1/16;27/8;28;1;ornamentation;0;4;False
37;69;1/16;55/16;29;1;ornamentation;0;4;False
38;55;1/8;7/2;30;4;repetition;2;4;True
39;62;1/8;7/2;30;2;match;1;4;True
40;67;1/8;7/2;30;1;match;0;4;True
38;55;1/8;7/2;30;4;repetition;2;5;True
39;62;1/8;7/2;30;2;match;1;5;True
40;67;1/8;7/2;30;1;match;0;5;True
41;65;1/16;29/8;31;4;ornamentation;0;5;False
42;64;1/16;59/16;32;4;ornamentation;0;5;False
43;62;1/16;15/4;33;4;ornamentation;0;5;False
44;60;1/16;61/16;34;4;ornamentation;0;5;False
45;58;1/16;31/8;35;4;ornamentation;0;5;False
46;57;1/16;63/16;36;4;ornamentation;0;5;False
47;43;1/8;4;37;5;match;2;5;True
48;55;1/8;4;37;4;match;1;5;True
49;67;1/8;4;37;1;match;0;5;True
53;43;3/16;9/2;41;5;repetition;2;7;True
54;58;3/16;9/2;41;4;match;1;7;True
55;67;3/16;9/2;41;1;match;0;7;True
56;57;1/16;75/16;42;4;ornamentation;0;7;False
57;55;1/16;19/4;43;4;ornamentation;0;7;False
58;57;1/16;77/16;44;4;ornamentation;0;7;False
59;58;1/16;39/8;45;4;ornamentation;0;7;False
60;60;1/16;79/16;46;4;ornamentation;0;7;False
61;43;1/8;5;47;5;match;2;7;True
62;58;1/8;5;47;4;repetition;1;7;True
63;67;1/8;5;47;1;repetition;0;7;True
67;50;1/8;11/2;51;5;match;2;9;True
68;57;1/8;11/2;51;4;match;1;9;True
69;65;1/8;11/2;51;1;match;0;9;True
70;64;1/16;45/8;52;0;ornamentation;0;9;False
71;65;1/16;91/16;53;0;ornamentation;0;9;False
72;67;1/16;23/4;54;0;ornamentation;0;9;False
73;69;1/16;93/16;55;0;ornamentation;0;9;False
74;70;1/16;47/8;56;0;ornamentation;0;9;False
75;72;1/16;95/16;57;0;ornamentation;0;9;False
76;50;1/2;6;58;5;repetition;2;9;True
77;62;1/2;6;58;3;match;1;9;True
78;74;1/2;6;58;0;match;0;9;True
86;62;3/16;7;63;3;match;2;11;True
85;50;3/16;7;63;2;match;1;11;True
87;74;3/16;7;63;0;match;0;11;True
88;60;1/16;115/16;64;3;ornamentation;0;11;False
89;62;1/16;29/4;65;3;ornamentation;0;11;False
90;64;1/16;117/16;66;3;ornamentation;0;11;False
91;65;1/16;59/8;67;3;ornamentation;0;11;False
92;67;1/16;119/16;68;3;ornamentation;0;11;False
93;50;1/8;15/2;69;5;repetition;2;11;True
94;65;1/8;15/2;69;3;match;1;11;True
95;74;1/8;15/2;69;0;match;0;11;True
100;65;3/16;8;73;3;repetition;2;13;True
99;50;3/16;8;73;2;match;1;13;True
101;74;3/16;8;73;0;repetition;0;13;True
102;48;1/16;131/16;74;2;ornamentation;0;13;False
103;50;1/16;33/4;75;2;ornamentation;0;13;False
104;52;1/16;133/16;76;2;ornamentation;0;13;False
105;53;1/16;67/8;77;2;ornamentation;0;13;False
106;55;1/16;135/16;78;2;ornamentation;0;13;False
108;64;1/8;17/2;79;3;match;2;13;True
107;57;1/8;17/2;79;2;match;1;13;True
109;72;1/8;17/2;79;0;match;0;13;True
118;50;1/8;10;85;5;match;2;15;True
120;57;1/8;10;85;4;match;1;15;True
119;53;1/8;10;85;1;match;0;15;True
121;58;1/16;81/8;86;4;ornamentation;0;15;False
122;60;1/16;163/16;87;4;ornamentation;0;15;False
123;62;1/16;41/4;88;4;ornamentation;0;15;False
124;60;1/16;165/16;89;4;ornamentation;0;15;False
125;58;1/16;83/8;90;4;ornamentation;0;15;False
126;57;1/16;167/16;91;4;ornamentation;0;15;False
127;50;3/16;21/2;92;5;match;2;15;True
129;58;3/16;21/2;92;4;match;1;15;True
128;53;3/16;21/2;92;1;match;0;15;True
145;45;3/16;23/2;106;5;match;2;17;True
147;57;3/16;23/2;106;4;match;1;17;True
146;52;3/16;23/2;106;1;match;0;17;True
148;43;1/16;187/16;107;5;ornamentation;0;17;False
149;45;1/16;47/4;108;5;ornamentation;0;17;False
150;47;1/16;189/16;109;5;ornamentation;0;17;False
151;48;1/16;95/8;110;5;ornamentation;0;17;False
152;50;1/16;191/16;111;5;ornamentation;0;17;False
153;48;1/4;12;112;5;match;2;17;True
154;57;1/4;12;112;4;match;1;17;True
155;64;1/4;12;112;3;match;0;17;True
157;48;1/8;25/2;114;5;match;3;18;True
158;57;1/8;25/2;114;4;match;2;18;True
159;64;1/8;25/2;114;3;repetition;1;18;True
160;72;1/8;25/2;114;0;match;0;18;True
161;55;1/16;101/8;115;1;ornamentation;0;18;False
162;57;1/16;203/16;116;1;ornamentation;0;18;False
163;58;1/16;51/4;117;1;ornamentation;0;18;False
164;57;1/16;205/16;118;1;ornamentation;0;18;False
165;55;1/16;103/8;119;1;ornamentation;0;18;False
166;53;1/16;207/16;120;1;ornamentation;0;18;False
167;48;1/4;13;121;5;match;4;18;True
169;55;1/4;13;121;4;match;3;18;True
170;64;1/4;13;121;3;match;2;18;True
168;52;1/4;13;121;1;match;1;18;True
171;72;1/4;13;121;0;match;0;18;True
173;50;1/4;27/2;123;5;match;5;19;True
174;53;1/4;27/2;123;4;match;4;19;True
176;65;1/4;27/2;123;3;match;3;19;True
175;57;1/4;27/2;123;2;match;2;19;True
173;50;1/4;27/2;123;1;match;1;19;True
177;69;1/4;27/2;123;0;match;0;19;True
178;62;1/16;55/4;124;3;adaptation;0;19;False
179;64;1/16;221/16;125;0;ornamentation;0;19;False
180;65;1/16;111/8;126;0;ornamentation;0;19;False
181;67;1/16;223/16;127;0;ornamentation;0;19;False
182;50;1/8;14;128;5;repetition;3;19;True
183;53;1/8;14;128;2;match;2;19;True
184;62;1/8;14;128;1;match;1;19;True
185;69;1/8;14;128;0;repetition;0;19;True
182;50;1/8;14;128;5;repetition;3;20;True
183;53;1/8;14;128;2;match;2;20;True
184;62;1/8;14;128;1;match;1;20;True
185;69;1/8;14;128;0;repetition;0;20;True
186;67;1/16;113/8;129;0;ornamentation;0;20;False
187;69;1/16;227/16;130;0;ornamentation;0;20;False
188;50;1/8;57/4;131;2;match;1;20;True
189;70;1/8;57/4;131;0;match;0;20;True
188;50;1/8;57/4;131;2;match;1;21;True
189;70;1/8;57/4;131;0;match;0;21;True
190;69;1/16;115/8;132;0;ornamentation;0;21;False
191;70;1/16;231/16;133;0;ornamentation;0;21;False
192;45;3/16;29/2;134;5;match;4;21;True
195;64;3/16;29/2;134;3;match;3;21;True
193;57;3/16;29/2;134;2;match;2;21;True
194;60;3/16;29/2;134;1;match;1;21;True
196;72;3/16;29/2;134;0;match;0;21;True
192;45;3/16;29/2;134;5;match;4;22;True
195;64;3/16;29/2;134;3;match;3;22;True
193;57;3/16;29/2;134;2;match;2;22;True
194;60;3/16;29/2;134;1;match;1;22;True
196;72;3/16;29/2;134;0;match;0;22;True
197;43;1/16;235/16;135;5;ornamentation;0;22;False
198;45;1/16;59/4;136;5;ornamentation;0;22;False
199;47;1/16;237/16;137;5;ornamentation;0;22;False
200;48;1/16;119/8;138;5;ornamentation;0;22;False
201;50;1/16;239/16;139;5;ornamentation;0;22;False
202;48;1/4;15;140;5;match;2;22;True
204;64;1/4;15;140;3;match;1;22;True
203;55;1/4;15;140;2;match;0;22;True
216;46;1/8;16;146;5;match;3;24;True
219;62;1/8;16;146;3;match;2;24;True
218;55;1/8;16;146;2;match;1;24;True
217;50;1/8;16;146;1;match;0;24;True
220;53;1/16;129/8;147;2;ornamentation;0;24;False
221;55;1/16;259/16;148;2;ornamentation;0;24;False
222;57;1/16;65/4;149;2;adaptation;0;24;False
223;55;1/16;261/16;150;2;ornamentation;0;24;False
224;57;1/32;131/8;151;2;ornamentation;0;24;True
223;55;1/16;261/16;150;2;ornamentation;0;25;True
224;57;1/32;131/8;151;2;ornamentation;0;25;False
225;55;1/32;525/32;152;2;ornamentation;0;25;False
226;53;1/32;263/16;153;2;ornamentation;0;25;False
227;55;1/32;527/32;154;2;ornamentation;0;25;False
228;45;1/8;33/2;155;5;match;3;25;True
231;60;1/8;33/2;155;3;match;2;25;True
230;57;1/8;33/2;155;2;match;1;25;True
229;52;1/8;33/2;155;1;match;0;25;True
228;45;1/8;33/2;155;5;match;3;26;True
231;60;1/8;33/2;155;3;match;2;26;True
230;57;1/8;33/2;155;2;match;1;26;True
229;52;1/8;33/2;155;1;match;0;26;True
232;58;1/16;133/8;156;2;ornamentation;0;26;False
233;60;1/16;267/16;157;2;ornamentation;0;26;False
234;62;1/16;67/4;158;2;ornamentation;0;26;False
235;60;1/16;269/16;159;2;ornamentation;0;26;False
236;58;1/16;135/8;160;2;ornamentation;0;26;False
237;57;1/16;271/16;161;2;ornamentation;0;26;False
238;55;1/4;17;162;2;match;0;26;True
245;67;1/8;18;167;2;repetition;1;28;True
244;67;1/8;18;167;0;match;0;28;True
246;66;1/16;145/8;168;2;ornamentation;0;28;False
247;67;1/16;291/16;169;2;ornamentation;0;28;False
248;69;1/16;73/4;170;2;adaptation;0;28;False
249;67;1/16;293/16;171;0;ornamentation;0;28;False
250;69;1/32;147/8;172;0;adaptation;0;28;True
249;67;1/16;293/16;171;0;ornamentation;0;29;True
250;69;1/32;147/8;172;0;adaptation;0;29;False
251;67;1/32;589/32;173;2;ornamentation;0;29;False
252;66;1/32;295/16;174;2;ornamentation;0;29;False
253;64;1/32;591/32;175;2;ornamentation;0;29;False
254;66;1/8;37/2;176;2;ficta;1;29;True
255;69;1/8;37/2;176;0;match;0;29;True
278;66;3/16;41/2;189;2;ficta;2;33;True
277;62;3/16;41/2;189;1;match;1;33;True
279;69;3/16;41/2;189;0;match;0;33;True
280;67;1/16;331/16;190;2;ornamentation;0;33;False
281;66;1/16;83/4;191;2;ornamentation;0;33;False
282;67;1/16;333/16;192;2;ornamentation;0;33;False
283;69;1/16;167/8;193;2;ornamentation;0;33;False
284;66;1/16;335/16;194;2;ornamentation;0;33;False
285;55;1/4;21;195;5;match;3;33;True
286;67;1/4;21;195;2;match;2;33;True
285;55;1/4;21;195;1;match;1;33;True
286;67;1/4;21;195;0;match;0;33;True
305;50;3/16;45/2;208;5;match;2;36;True
306;57;3/16;45/2;208;4;match;1;36;True
307;65;3/16;45/2;208;1;match;0;36;True
308;64;1/16;363/16;209;4;ornamentation;0;36;False
309;62;1/16;91/4;210;4;ornamentation;0;36;False
310;60;1/16;365/16;211;4;ornamentation;0;36;False
311;58;1/16;183/8;212;4;ornamentation;0;36;False
312;57;1/16;367/16;213;4;ornamentation;0;36;False
313;43;1/4;23;214;5;match;1;36;True
314;55;1/4;23;214;4;match;0;36;True
323;57;1/16;381/16;219;2;ornamentation;0;39;True
324;58;1/32;191/8;220;2;ornamentation;0;39;False
325;57;1/32;765/32;221;2;ornamentation;0;39;False
326;58;1/32;383/16;222;2;ornamentation;0;39;False
327;60;1/32;767/32;223;2;ornamentation;0;39;False
328;58;1/8;24;224;2;match;1;39;True
329;67;1/8;24;224;0;match;0;39;True
337;50;1/8;49/2;228;5;match;4;41;True
338;57;1/8;49/2;228;4;match;3;41;True
339;62;1/8;49/2;228;3;match;2;41;True
339;62;1/8;49/2;228;2;match;1;41;True
340;65;1/8;49/2;228;0;match;0;41;True
341;62;1/16;197/8;229;0;ornamentation;0;41;False
342;64;1/16;395/16;230;0;ornamentation;0;41;False
343;65;1/16;99/4;231;0;ornamentation;0;41;False
344;62;1/16;397/16;232;0;ornamentation;0;41;False
345;64;1/16;199/8;233;0;ornamentation;0;41;False
346;65;1/16;399/16;234;0;ornamentation;0;41;False
347;43;1/4;25;235;5;match;4;41;True
348;55;1/4;25;235;4;match;3;41;True
350;62;1/4;25;235;3;match;2;41;True
349;58;1/4;25;235;2;match;1;41;True
351;67;1/4;25;235;0;match;0;41;True
383;48;3/16;55/2;250;5;match;3;44;True
385;64;3/16;55/2;250;3;match;2;44;True
384;60;3/16;55/2;250;2;match;1;44;True
386;67;3/16;55/2;250;0;match;0;44;True
387;65;1/16;443/16;251;0;ornamentation;0;44;False
388;64;1/16;111/4;252;0;ornamentation;0;44;False
389;65;1/16;445/16;253;0;ornamentation;0;44;False
390;67;1/16;223/8;254;0;ornamentation;0;44;False
391;69;1/16;447/16;255;0;ornamentation;0;44;False
392;55;1/4;28;256;5;match;4;44;True
394;62;1/4;28;256;3;match;3;44;True
393;58;1/4;28;256;2;match;2;44;True
392;55;1/4;28;256;1;match;1;44;True
395;70;1/4;28;256;0;match;0;44;True
403;53;1/8;29;260;5;match;2;45;True
404;62;1/8;29;260;3;repetition;1;45;True
405;69;1/8;29;260;0;match;0;45;True
406;67;1/16;233/8;261;0;ornamentation;0;45;False
407;69;1/16;467/16;262;0;ornamentation;0;45;False
408;55;1/8;117/4;263;5;match;2;45;True
409;62;1/8;117/4;263;1;match;1;45;True
410;67;1/8;117/4;263;0;match;0;45;True
408;55;1/8;117/4;263;5;match;2;46;True
409;62;1/8;117/4;263;1;match;1;46;True
410;67;1/8;117/4;263;0;match;0;46;True
411;65;1/16;235/8;264;0;ornamentation;0;46;False
412;67;1/16;471/16;265;0;ornamentation;0;46;False
413;53;1/8;59/2;266;5;match;2;46;True
414;62;1/8;59/2;266;1;match;1;46;True
415;69;1/8;59/2;266;0;match;0;46;True
413;53;1/8;59/2;266;5;match;2;47;True
414;62;1/8;59/2;266;1;match;1;47;True
415;69;1/8;59/2;266;0;match;0;47;True
416;67;1/16;237/8;267;0;ornamentation;0;47;False
417;69;1/16;475/16;268;0;ornamentation;0;47;False
418;55;1/8;119/4;269;5;match;1;47;True
419;70;1/8;119/4;269;0;match;0;47;True
418;55;1/8;119/4;269;5;match;1;48;True
419;70;1/8;119/4;269;0;match;0;48;True
420;67;1/16;239/8;270;0;ornamentation;0;48;False
421;69;1/16;479/16;271;0;ornamentation;0;48;False
422;55;1/8;30;272;5;repetition;2;48;True
423;62;1/8;30;272;1;match;1;48;True
424;70;1/8;30;272;0;repetition;0;48;True
432;52;3/16;61/2;276;5;match;2;49;True
433;60;3/16;61/2;276;1;match;1;49;True
434;67;3/16;61/2;276;0;match;0;49;True
435;62;1/16;491/16;277;1;ornamentation;0;49;False
436;64;1/16;123/4;278;1;ornamentation;0;49;False
437;62;1/16;493/16;279;1;ornamentation;0;49;False
438;64;1/16;247/8;280;1;ornamentation;0;49;False
439;60;1/16;495/16;281;1;ornamentation;0;49;False
440;50;3/16;31;282;5;match;2;49;True
441;62;3/16;31;282;1;match;1;49;True
442;65;3/16;31;282;0;match;0;49;True
440;50;3/16;31;282;5;match;2;50;True
441;62;3/16;31;282;1;match;1;50;True
442;65;3/16;31;282;0;match;0;50;True
443;64;1/16;499/16;283;0;ornamentation;0;50;False
444;62;1/16;125/4;284;0;ornamentation;0;50;False
445;64;1/16;501/16;285;0;ornamentation;0;50;False
446;65;1/16;251/8;286;0;ornamentation;0;50;False
447;67;1/16;503/16;287;0;ornamentation;0;50;False
448;50;1/8;63/2;288;5;repetition;3;50;True
449;57;1/8;63/2;288;4;match;2;50;True
450;62;1/8;63/2;288;3;repetition;1;50;True
451;65;1/8;63/2;288;0;repetition;0;50;True
448;50;1/8;63/2;288;5;repetition;3;51;True
449;57;1/8;63/2;288;4;match;2;51;True
450;62;1/8;63/2;288;3;repetition;1;51;True
451;65;1/8;63/2;288;0;repetition;0;51;True
452;57;1/16;253/8;289;4;ornamentation;0;51;False
453;58;1/16;507/16;290;4;ornamentation;0;51;False
454;60;1/16;127/4;291;4;ornamentation;0;51;False
455;58;1/16;509/16;292;4;ornamentation;0;51;False
456;60;1/32;255/8;293;4;ornamentation;0;51;True
455;58;1/16;509/16;292;4;ornamentation;0;52;True
456;60;1/32;255/8;293;4;ornamentation;0;52;False
457;58;1/32;1021/32;294;4;ornamentation;0;52;False
458;60;1/32;511/16;295;4;ornamentation;0;52;False
459;57;1/32;1023/32;296;4;ornamentation;0;52;False
461;58;1/4;32;297;4;match;1;52;True
460;55;1/4;32;297;2;match;0;52;True
478;57;1/16;541/16;306;4;ornamentation;0;54;True
479;58;1/32;271/8;307;4;ornamentation;0;54;False
480;57;1/32;1085/32;308;4;ornamentation;0;54;False
481;58;1/32;543/16;309;4;ornamentation;0;54;False
482;60;1/32;1087/32;310;4;ornamentation;0;54;False
483;55;1/8;34;311;5;repetition;2;54;True
484;58;1/8;34;311;4;repetition;1;54;True
485;62;1/8;34;311;2;match;0;54;True
493;52;1/8;69/2;315;5;match;3;55;True
494;55;1/8;69/2;315;4;match;2;55;True
496;64;1/8;69/2;315;3;match;1;55;True
495;60;1/8;69/2;315;2;match;0;55;True
497;62;1/16;277/8;316;3;ornamentation;0;55;False
498;60;1/16;555/16;317;3;ornamentation;0;55;False
499;59;1/16;139/4;318;3;ornamentation;0;55;False
500;60;1/16;557/16;319;3;ornamentation;0;55;False
501;62;1/16;279/8;320;3;ornamentation;0;55;False
502;64;1/16;559/16;321;3;ornamentation;0;55;False
503;50;1/4;35;322;5;match;4;55;True
504;57;1/4;35;322;4;adaptation;3;55;True
506;65;1/4;35;322;3;match;2;55;True
505;62;1/4;35;322;2;match;1;55;True
503;50;1/4;35;322;1;match;0;55;True
523;48;1/8;73/2;329;5;match;3;56;True
526;64;1/8;73/2;329;3;match;2;56;True
524;52;1/8;73/2;329;2;match;1;56;True
525;57;1/8;73/2;329;1;match;0;56;True
527;62;1/16;293/8;330;3;ornamentation;0;56;False
528;64;1/16;587/16;331;3;ornamentation;0;56;False
529;50;1/8;147/4;332;5;match;2;56;True
530;65;1/8;147/4;332;3;match;1;56;True
529;50;1/8;147/4;332;2;match;0;56;True
529;50;1/8;147/4;332;5;match;2;57;True
530;65;1/8;147/4;332;3;match;1;57;True
529;50;1/8;147/4;332;2;match;0;57;True
531;64;1/16;295/8;333;3;ornamentation;0;57;False
532;67;1/16;591/16;334;3;ornamentation;0;57;False
533;50;1/8;37;335;5;repetition;3;57;True
536;65;1/8;37;335;3;repetition;2;57;True
534;53;1/8;37;335;2;match;1;57;True
535;57;1/8;37;335;1;match;0;57;True
544;46;1/8;75/2;339;5;match;3;58;True
547;62;1/8;75/2;339;3;match;2;58;True
545;50;1/8;75/2;339;2;match;1;58;True
546;55;1/8;75/2;339;1;match;0;58;True
548;53;1/16;301/8;340;1;ornamentation;0;58;False
549;55;1/16;603/16;341;1;ornamentation;0;58;False
550;57;1/16;151/4;342;1;ornamentation;0;58;False
551;55;1/16;605/16;343;1;ornamentation;0;58;False
552;57;1/32;303/8;344;1;ornamentation;0;58;True
551;55;1/16;605/16;343;1;ornamentation;0;59;True
552;57;1/32;303/8;344;1;ornamentation;0;59;False
553;55;1/32;1213/32;345;1;ornamentation;0;59;False
554;53;1/32;607/16;346;1;ornamentation;0;59;False
555;55;1/32;1215/32;347;1;ornamentation;0;59;False
556;45;3/16;38;348;5;match;3;59;True
559;60;3/16;38;348;3;match;2;59;True
557;52;3/16;38;348;2;match;1;59;True
558;57;3/16;38;348;1;match;0;59;True
556;45;3/16;38;348;5;match;3;60;True
559;60;3/16;38;348;3;match;2;60;True
557;52;3/16;38;348;2;match;1;60;True
558;57;3/16;38;348;1;match;0;60;True
560;59;1/16;611/16;349;3;ornamentation;0;60;False
561;57;1/16;153/4;350;3;ornamentation;0;60;False
562;59;1/16;613/16;351;3;ornamentation;0;60;False
563;60;1/16;307/8;352;3;ornamentation;0;60;False
564;62;1/16;615/16;353;3;ornamentation;0;60;False
565;45;1/8;77/2;354;5;repetition;4;60;True
568;60;1/8;77/2;354;3;repetition;3;60;True
566;52;1/8;77/2;354;2;repetition;2;60;True
567;57;1/8;77/2;354;1;repetition;1;60;True
569;69;1/8;77/2;354;0;match;0;60;True
565;45;1/8;77/2;354;5;repetition;4;61;True
568;60;1/8;77/2;354;3;repetition;3;61;True
566;52;1/8;77/2;354;2;repetition;2;61;True
567;57;1/8;77/2;354;1;repetition;1;61;True
569;69;1/8;77/2;354;0;match;0;61;True
570;67;1/16;309/8;355;0;ornamentation;0;61;False
571;69;1/16;619/16;356;0;ornamentation;0;61;False
572;70;1/16;155/4;357;0;ornamentation;0;61;False
573;69;1/16;621/16;358;0;ornamentation;0;61;False
574;70;1/32;311/8;359;0;ornamentation;0;61;True
573;69;1/16;621/16;358;0;ornamentation;0;62;True
574;70;1/32;311/8;359;0;ornamentation;0;62;False
575;69;1/32;1245/32;360;0;ornamentation;0;62;False
576;67;1/32;623/16;361;0;ornamentation;0;62;False
577;69;1/32;1247/32;362;0;ornamentation;0;62;False
578;67;1/4;39;363;0;match;0;62;True
591;51;1/8;81/2;370;2;match;2;64;True
592;58;1/8;81/2;370;1;match;1;64;True
593;67;1/8;81/2;370;0;match;0;64;True
594;60;1/32;325/8;371;1;ornamentation;0;64;False
595;58;1/32;1301/32;372;1;ornamentation;0;64;False
596;57;1/32;651/16;373;1;ornamentation;0;64;False
597;58;1/32;1303/32;374;1;ornamentation;0;64;False
598;60;1/8;163/4;375;1;match;0;64;True
605;50;1/8;83/2;380;2;match;2;66;True
606;57;1/8;83/2;380;1;match;1;66;True
607;65;1/8;83/2;380;0;match;0;66;True
608;55;1/16;333/8;381;1;ornamentation;0;66;False
609;57;1/16;667/16;382;1;ornamentation;0;66;False
610;58;1/16;167/4;383;1;ornamentation;0;66;False
611;57;1/16;669/16;384;1;ornamentation;0;66;False
612;55;1/16;335/8;385;1;ornamentation;0;66;False
613;54;1/16;671/16;386;1;ornamentation;0;66;False
615;62;3/16;42;387;2;match;1;66;True
614;55;3/16;42;387;1;match;0;66;True
615;62;3/16;42;387;2;match;1;67;True
614;55;3/16;42;387;1;match;0;67;True
616;54;1/16;675/16;388;2;ornamentation;0;67;False
617;55;1/16;169/4;389;2;ornamentation;0;67;False
618;57;1/16;677/16;390;2;ornamentation;0;67;False
619;58;1/16;339/8;391;2;ornamentation;0;67;False
620;60;1/16;679/16;392;2;ornamentation;0;67;False
621;55;1/8;85/2;393;4;match;2;67;True
622;62;1/8;85/2;393;2;match;1;67;True
623;70;1/8;85/2;393;0;match;0;67;True
621;55;1/8;85/2;393;4;match;2;68;True
622;62;1/8;85/2;393;2;match;1;68;True
623;70;1/8;85/2;393;0;match;0;68;True
624;60;1/16;341/8;394;0;ornamentation;0;68;False
625;62;1/16;683/16;395;0;ornamentation;0;68;False
626;64;1/16;171/4;396;0;ornamentation;0;68;False
627;65;1/16;685/16;397;0;ornamentation;0;68;False
628;67;1/16;343/8;398;0;ornamentation;0;68;False
629;69;1/16;687/16;399;0;ornamentation;0;68;False
630;55;1/4;43;400;4;match;2;68;True
631;62;1/4;43;400;1;match;1;68;True
632;70;1/4;43;400;0;match;0;68;True
646;51;1/8;89/2;406;5;match;2;69;True
647;55;1/8;89/2;406;4;match;1;69;True
648;58;1/8;89/2;406;2;match;0;69;True
649;60;1/32;357/8;407;2;ornamentation;0;69;False
650;58;1/32;1429/32;408;2;ornamentation;0;69;False
651;57;1/32;715/16;409;2;ornamentation;0;69;False
652;58;1/32;1431/32;410;2;ornamentation;0;69;False
653;60;1/4;179/4;411;2;match;0;69;True
659;50;3/16;91/2;415;5;match;4;70;True
660;53;3/16;91/2;415;4;match;3;70;True
662;62;3/16;91/2;415;3;match;2;70;True
661;57;3/16;91/2;415;2;match;1;70;True
662;62;3/16;91/2;415;1;match;0;70;True
663;60;1/16;731/16;416;3;ornamentation;0;70;False
664;58;1/16;183/4;417;3;ornamentation;0;70;False
665;60;1/16;733/16;418;3;ornamentation;0;70;False
666;62;1/16;367/8;419;3;ornamentation;0;70;False
667;64;1/16;735/16;420;3;ornamentation;0;70;False
669;62;1/4;46;421;3;match;2;70;True
668;50;1/4;46;421;2;match;1;70;True
670;69;1/4;46;421;0;match;0;70;True
700;45;1/8;97/2;434;5;match;3;72;True
702;60;1/8;97/2;434;3;match;2;72;True
701;52;1/8;97/2;434;1;match;1;72;True
703;72;1/8;97/2;434;0;match;0;72;True
704;60;1/16;389/8;435;0;ornamentation;0;72;False
705;62;1/16;779/16;436;0;ornamentation;0;72;False
706;64;1/16;195/4;437;0;ornamentation;0;72;False
707;65;1/16;781/16;438;0;ornamentation;0;72;False
708;67;1/16;391/8;439;0;ornamentation;0;72;False
709;69;1/16;783/16;440;0;ornamentation;0;72;False
710;46;1/4;49;441;5;match;3;72;True
712;55;1/4;49;441;2;match;2;72;True
711;50;1/4;49;441;1;match;1;72;True
713;70;1/4;49;441;0;match;0;72;True
743;51;1/8;205/4;461;5;match;2;74;True
744;55;1/8;205/4;461;2;match;1;74;True
744;55;1/8;205/4;461;1;match;0;74;True
745;57;1/16;411/8;462;1;ornamentation;0;74;False
746;55;1/16;823/16;463;1;ornamentation;0;74;False
747;50;1/8;103/2;464;5;match;2;74;True
749;57;1/8;103/2;464;2;match;1;74;True
748;55;1/8;103/2;464;1;repetition;0;74;True
747;50;1/8;103/2;464;5;match;2;75;True
749;57;1/8;103/2;464;2;match;1;75;True
748;55;1/8;103/2;464;1;repetition;0;75;True
750;54;1/16;413/8;465;1;match;0;75;False
751;55;1/16;827/16;466;2;ornamentation;0;75;False
752;57;1/16;207/4;467;2;repetition;0;75;False
753;55;1/16;829/16;468;2;ornamentation;0;75;False
754;57;1/16;415/8;469;2;repetition;0;75;False
755;54;1/16;831/16;470;2;ornamentation;0;75;False
756;43;1/4;52;471;5;match;3;75;True
757;55;1/4;52;471;4;match;2;75;True
757;55;1/4;52;471;2;match;1;75;True
757;55;1/4;52;471;1;match;0;75;True
764;57;1/8;53;475;4;match;1;76;True
765;72;1/8;53;475;0;match;0;76;True
766;55;1/16;425/8;476;4;ornamentation;0;76;False
767;57;1/16;851/16;477;4;ornamentation;0;76;False
768;58;1/16;213/4;478;4;ornamentation;0;76;False
769;57;1/16;853/16;479;4;ornamentation;0;76;False
770;55;1/16;427/8;480;4;ornamentation;0;76;False
771;54;1/16;855/16;481;4;ornamentation;0;76;False
772;55;1/8;107/2;482;4;match;1;76;True
773;70;1/8;107/2;482;0;match;0;76;True
772;55;1/8;107/2;482;4;match;1;77;True
773;70;1/8;107/2;482;0;match;0;77;True
774;58;1/16;429/8;483;3;ornamentation;0;77;False
775;60;1/16;859/16;484;3;ornamentation;0;77;False
776;62;1/16;215/4;485;3;adaptation;0;77;False
777;64;1/16;861/16;486;0;ornamentation;0;77;False
778;65;1/16;431/8;487;0;ornamentation;0;77;False
779;67;1/16;863/16;488;0;ornamentation;0;77;False
780;53;1/8;54;489;4;match;1;77;True
781;69;1/8;54;489;0;match;0;77;True
780;53;1/8;54;489;4;match;1;78;True
781;69;1/8;54;489;0;match;0;78;True
782;67;1/16;433/8;490;0;ornamentation;0;78;False
783;69;1/16;867/16;491;0;ornamentation;0;78;False
784;55;1/8;217/4;492;4;match;1;78;True
785;67;1/8;217/4;492;0;match;0;78;True
784;55;1/8;217/4;492;4;match;1;79;True
785;67;1/8;217/4;492;0;match;0;79;True
786;66;1/16;435/8;493;0;ornamentation;0;79;False
787;67;1/16;871/16;494;0;ornamentation;0;79;False
789;57;1/8;109/2;495;4;match;2;79;True
788;50;1/8;109/2;495;1;match;1;79;True
790;67;1/8;109/2;495;0;repetition;0;79;True
789;57;1/8;109/2;495;4;match;2;80;True
788;50;1/8;109/2;495;1;match;1;80;True
790;67;1/8;109/2;495;0;repetition;0;80;True
791;66;1/16;437/8;496;0;match;0;80;False
792;64;1/16;875/16;497;0;ornamentation;0;80;False
793;66;1/16;219/4;498;0;match;0;80;False
794;62;1/16;877/16;499;0;ornamentation;0;80;False
795;64;1/32;439/8;500;0;match;0;80;True
794;62;1/16;877/16;499;0;ornamentation;0;81;True
795;64;1/32;439/8;500;0;match;0;81;False
796;62;1/32;1757/32;501;0;ornamentation;0;81;False
797;64;1/32;879/16;502;0;ornamentation;0;81;False
798;66;1/32;1759/32;503;0;ornamentation;0;81;False
799;43;1/4;55;504;5;match;4;81;True
801;55;1/4;55;504;4;match;3;81;True
802;58;1/4;55;504;2;match;2;81;True
800;50;1/4;55;504;1;match;1;81;True
803;67;1/4;55;504;0;match;0;81;True
812;48;1/8;56;508;5;match;4;82;True
814;55;1/8;56;508;4;repetition;3;82;True
815;60;1/8;56;508;2;match;2;82;True
813;52;1/8;56;508;1;match;1;82;True
816;67;1/8;56;508;0;repetition;0;82;True
817;46;1/16;449/8;509;5;ornamentation;0;82;False
818;48;1/16;899/16;510;5;ornamentation;0;82;False
819;50;1/16;225/4;511;5;ornamentation;0;82;False
820;48;1/16;901/16;512;5;ornamentation;0;82;False
821;46;1/16;451/8;513;5;ornamentation;0;82;False
822;45;1/16;903/16;514;5;ornamentation;0;82;False
823;43;1/4;113/2;515;5;match;4;82;True
824;55;1/4;113/2;515;4;repetition;3;82;True
826;62;1/4;113/2;515;3;match;2;82;True
825;58;1/4;113/2;515;2;match;1;82;True
827;67;1/4;113/2;515;0;repetition;0;82;True
836;48;3/16;115/2;519;5;match;4;83;True
838;55;3/16;115/2;519;4;repetition;3;83;True
840;64;3/16;115/2;519;3;match;2;83;True
839;60;3/16;115/2;519;2;match;1;83;True
837;52;3/16;115/2;519;1;match;0;83;True
841;50;1/16;923/16;520;1;ornamentation;0;83;False
842;72;1/8;231/4;521;1;ornamentation;0;83;True
841;50;1/16;923/16;520;1;ornamentation;0;84;True
842;72;1/8;231/4;521;1;ornamentation;0;84;False
843;54;1/8;463/8;522;1;ficta;0;84;False
844;43;3/16;58;523;5;match;3;84;True
847;62;3/16;58;523;3;match;2;84;True
846;58;3/16;58;523;2;match;1;84;True
845;55;3/16;58;523;1;match;0;84;True
844;43;3/16;58;523;5;match;3;85;True
847;62;3/16;58;523;3;match;2;85;True
846;58;3/16;58;523;2;match;1;85;True
845;55;3/16;58;523;1;match;0;85;True
848;57;1/16;931/16;524;4;ornamentation;0;85;False
849;58;1/16;233/4;525;4;ornamentation;0;85;False
850;57;1/16;933/16;526;4;ornamentation;0;85;False
851;55;1/16;467/8;527;4;ornamentation;0;85;False
852;54;1/16;935/16;528;4;ornamentation;0;85;False
853;43;1/8;117/2;529;5;repetition;3;85;True
854;55;1/8;117/2;529;4;repetition;2;85;True
855;62;1/8;117/2;529;3;repetition;1;85;True
856;67;1/8;117/2;529;0;match;0;85;True
853;43;1/8;117/2;529;5;repetition;3;86;True
854;55;1/8;117/2;529;4;repetition;2;86;True
855;62;1/8;117/2;529;3;repetition;1;86;True
856;67;1/8;117/2;529;0;match;0;86;True
857;67;1/16;469/8;530;0;ornamentation;0;86;False
858;65;1/16;939/16;531;0;ornamentation;0;86;False
859;64;1/16;235/4;532;0;ornamentation;0;86;False
860;65;1/16;941/16;533;0;ornamentation;0;86;False
861;67;1/16;471/8;534;0;ornamentation;0;86;False
862;69;1/16;943/16;535;0;ornamentation;0;86;False
864;62;1/4;59;536;3;repetition;2;86;True
863;55;1/4;59;536;2;match;1;86;True
865;67;1/4;59;536;0;match;0;86;True
871;55;1/8;60;540;5;match;3;87;True
873;62;1/8;60;540;3;repetition;2;87;True
872;58;1/8;60;540;2;match;1;87;True
874;70;1/8;60;540;0;repetition;0;87;True
875;55;1/16;481/8;541;3;ornamentation;0;87;False
876;57;1/16;963/16;542;3;ornamentation;0;87;False
877;58;1/16;241/4;543;3;ornamentation;0;87;False
878;60;1/16;965/16;544;3;ornamentation;0;87;False
879;62;1/16;483/8;545;3;repetition;0;87;False
880;64;1/16;967/16;546;2;ornamentation;0;87;False
881;50;3/16;121/2;547;5;match;2;87;True
882;62;3/16;121/2;547;2;match;1;87;True
883;69;3/16;121/2;547;0;match;0;87;True
881;50;3/16;121/2;547;5;match;2;88;True
882;62;3/16;121/2;547;2;match;1;88;True
883;69;3/16;121/2;547;0;match;0;88;True
884;60;1/16;971/16;548;1;ornamentation;0;88;False
885;62;1/16;243/4;549;1;ornamentation;0;88;False
886;60;1/16;973/16;550;1;ornamentation;0;88;False
887;58;1/16;487/8;551;1;ornamentation;0;88;False
888;57;1/16;975/16;552;1;ornamentation;0;88;False
889;55;1/4;61;553;1;match;0;88;True
920;46;3/16;63;567;5;match;3;90;True
922;58;3/16;63;567;4;repetition;2;90;True
921;50;3/16;63;567;2;match;1;90;True
923;65;3/16;63;567;0;match;0;90;True
924;45;1/16;1011/16;568;5;ornamentation;0;90;False
925;43;1/16;253/4;569;5;ornamentation;0;90;False
926;45;1/16;1013/16;570;5;ornamentation;0;90;False
927;46;1/16;507/8;571;5;repetition;0;90;False
928;48;1/16;1015/16;572;5;ornamentation;0;90;False
929;50;3/16;127/2;573;5;match;2;90;True
930;57;3/16;127/2;573;4;match;1;90;True
931;65;3/16;127/2;573;0;repetition;0;90;True
929;50;3/16;127/2;573;5;match;2;91;True
930;57;3/16;127/2;573;4;match;1;91;True
931;65;3/16;127/2;573;0;repetition;0;91;True
932;55;1/16;1019/16;574;4;ornamentation;0;91;False
933;57;1/16;255/4;575;4;ornamentation;0;91;False
934;58;1/16;1021/16;576;4;ornamentation;0;91;False
935;60;1/32;511/8;577;4;ornamentation;0;91;True
934;58;1/16;1021/16;576;4;ornamentation;0;92;True
935;60;1/32;511/8;577;4;ornamentation;0;92;False
936;58;1/32;2045/32;578;4;ornamentation;0;92;False
937;60;1/32;1023/16;579;4;ornamentation;0;92;False
938;57;1/32;2047/32;580;4;ornamentation;0;92;False
939;58;1/4;64;581;4;match;0;92;True
972;64;1/8;133/2;595;3;match;2;95;True
971;60;1/8;133/2;595;2;match;1;95;True
970;57;1/8;133/2;595;1;match;0;95;True
973;62;1/16;533/8;596;3;ornamentation;0;95;False
974;60;1/16;1067/16;597;3;ornamentation;0;95;False
975;59;1/16;267/4;598;3;ornamentation;0;95;False
976;60;1/16;1069/16;599;3;ornamentation;0;95;False
977;62;1/16;535/8;600;3;ornamentation;0;95;False
978;64;1/16;1071/16;601;3;ornamentation;0;95;False
979;50;1/4;67;602;5;match;1;95;True
980;65;1/4;67;602;3;match;0;95;True
997;45;1/8;137/2;610;5;match;3;97;True
999;60;1/8;137/2;610;3;match;2;97;True
998;57;1/8;137/2;610;1;match;1;97;True
1000;64;1/8;137/2;610;0;match;0;97;True
1001;58;1/16;549/8;611;2;ornamentation;0;97;False
1002;60;1/16;1099/16;612;2;ornamentation;0;97;False
1003;62;1/16;275/4;613;2;ornamentation;0;97;False
1004;60;1/16;1101/16;614;2;ornamentation;0;97;False
1005;58;1/16;551/8;615;2;ornamentation;0;97;False
1006;57;1/16;1103/16;616;2;ornamentation;0;97;False
1007;55;1/4;69;617;4;match;1;97;True
1008;58;1/4;69;617;2;match;0;97;True
1014;43;1/8;70;621;5;match;3;98;True
1016;55;1/8;70;621;4;match;2;98;True
1017;58;1/8;70;621;2;match;1;98;True
1015;50;1/8;70;621;1;match;0;98;True
1018;57;1/16;561/8;622;4;ornamentation;0;98;False
1019;55;1/16;1123/16;623;4;ornamentation;0;98;False
1020;54;1/16;281/4;624;4;adaptation;0;98;False
1021;55;1/16;1125/16;625;4;ornamentation;0;98;False
1022;57;1/16;563/8;626;4;ornamentation;0;98;False
1023;58;1/16;1127/16;627;4;ornamentation;0;98;False
1024;48;3/16;141/2;628;5;match;3;98;True
1026;57;3/16;141/2;628;4;match;2;98;True
1027;60;3/16;141/2;628;2;match;1;98;True
1025;52;3/16;141/2;628;1;match;0;98;True
1024;48;3/16;141/2;628;5;match;3;99;True
1026;57;3/16;141/2;628;4;match;2;99;True
1027;60;3/16;141/2;628;2;match;1;99;True
1025;52;3/16;141/2;628;1;match;0;99;True
1028;58;1/16;1131/16;629;3;ornamentation;0;99;False
1029;57;1/16;283/4;630;3;ornamentation;0;99;False
1030;58;1/16;1133/16;631;3;ornamentation;0;99;False
1031;60;1/16;567/8;632;3;ornamentation;0;99;False
1032;62;1/16;1135/16;633;3;ornamentation;0;99;False
1033;48;1/4;71;634;5;repetition;3;99;True
1035;57;1/4;71;634;4;repetition;2;99;True
1036;60;1/4;71;634;3;repetition;1;99;True
1034;52;1/4;71;634;1;repetition;0;99;True
1041;43;3/16;143/2;636;5;match;3;100;True
1043;55;3/16;143/2;636;4;match;2;100;True
1044;58;3/16;143/2;636;2;match;1;100;True
1042;50;3/16;143/2;636;1;match;0;100;True
1045;57;1/16;1147/16;637;3;ornamentation;0;100;False
1046;55;1/16;287/4;638;3;ornamentation;0;100;False
1047;57;1/16;1149/16;639;3;ornamentation;0;100;False
1048;58;1/16;575/8;640;3;ornamentation;0;100;False
1049;60;1/16;1151/16;641;3;ornamentation;0;100;False
1050;55;1/4;72;642;4;repetition;1;100;True
1051;62;1/4;72;642;3;match;0;100;True
1064;64;3/16;147/2;648;3;match;3;101;True
1063;58;3/16;147/2;648;2;match;2;101;True
1062;55;3/16;147/2;648;1;match;1;101;True
1065;67;3/16;147/2;648;0;match;0;101;True
1066;62;1/16;1179/16;649;3;ornamentation;0;101;False
1067;60;1/16;295/4;650;3;ornamentation;0;101;False
1068;62;1/16;1181/16;651;3;ornamentation;0;101;False
1069;64;1/16;591/8;652;3;ornamentation;0;101;False
1070;65;1/16;1183/16;653;3;ornamentation;0;101;False
1071;55;1/4;74;654;4;repetition;3;101;True
1073;64;1/4;74;654;3;repetition;2;101;True
1072;58;1/4;74;654;2;repetition;1;101;True
1074;67;1/4;74;654;0;repetition;0;101;True
1081;62;3/16;149/2;656;3;match;3;102;True
1080;57;3/16;149/2;656;2;match;2;102;True
1079;50;3/16;149/2;656;1;match;1;102;True
1082;65;3/16;149/2;656;0;match;0;102;True
1083;64;1/16;1195/16;657;4;ornamentation;0;102;False
1084;62;1/16;299/4;658;4;ornamentation;0;102;False
1085;60;1/16;1197/16;659;4;ornamentation;0;102;False
1086;58;1/16;599/8;660;4;ornamentation;0;102;False
1087;57;1/16;1199/16;661;4;ornamentation;0;102;False
1088;55;1/4;75;662;4;match;0;102;True
1100;45;1/8;76;666;5;match;3;103;True
1102;57;1/8;76;666;4;match;2;103;True
1103;60;1/8;76;666;2;match;1;103;True
1101;52;1/8;76;666;1;match;0;103;True
1104;58;1/16;609/8;667;4;ornamentation;0;103;False
1105;57;1/16;1219/16;668;4;ornamentation;0;103;False
1106;55;1/16;305/4;669;4;ornamentation;0;103;False
1107;57;1/16;1221/16;670;4;ornamentation;0;103;False
1108;58;1/16;611/8;671;4;ornamentation;0;103;False
1109;60;1/16;1223/16;672;4;ornamentation;0;103;False
1110;43;3/16;153/2;673;5;match;3;103;True
1112;58;3/16;153/2;673;4;match;2;103;True
1113;62;3/16;153/2;673;2;match;1;103;True
1111;55;3/16;153/2;673;1;match;0;103;True
1127;58;1/16;1237/16;684;1;ornamentation;0;105;True
1128;60;1/32;619/8;685;1;ornamentation;0;105;False
1129;58;1/32;2477/32;686;1;ornamentation;0;105;False
1130;57;1/32;1239/16;687;1;ornamentation;0;105;False
1131;55;1/32;2479/32;688;1;ornamentation;0;105;False
1132;50;1/4;155/2;689;5;match;3;105;True
1134;57;1/4;155/2;689;4;match;2;105;True
1135;62;1/4;155/2;689;2;match;1;105;True
1133;53;1/4;155/2;689;1;match;0;105;True
1152;48;3/16;79;695;5;match;4;106;True
1154;55;3/16;79;695;4;match;3;106;True
1155;64;3/16;79;695;3;match;2;106;True
1153;52;3/16;79;695;1;match;1;106;True
1156;72;3/16;79;695;0;match;0;106;True
1157;70;1/16;1267/16;696;0;ornamentation;0;106;False
1158;72;1/16;317/4;697;0;ornamentation;0;106;False
1159;70;1/16;1269/16;698;0;ornamentation;0;106;False
1160;69;1/16;635/8;699;0;ornamentation;0;106;False
1161;67;1/16;1271/16;700;0;ornamentation;0;106;False
1162;50;1/4;159/2;701;5;match;4;106;True
1163;53;1/4;159/2;701;4;match;3;106;True
1164;65;1/4;159/2;701;3;match;2;106;True
1162;50;1/4;159/2;701;1;match;1;106;True
1165;69;1/4;159/2;701;0;match;0;106;True
1177;48;3/16;161/2;705;5;match;4;107;True
1180;64;3/16;161/2;705;3;match;3;107;True
1179;55;3/16;161/2;705;2;match;2;107;True
1178;52;3/16;161/2;705;1;match;1;107;True
1181;72;3/16;161/2;705;0;match;0;107;True
1182;70;1/16;1291/16;706;0;ornamentation;0;107;False
1183;72;1/16;323/4;707;0;ornamentation;0;107;False
1184;70;1/16;1293/16;708;0;ornamentation;0;107;False
1185;69;1/16;647/8;709;0;ornamentation;0;107;False
1186;67;1/16;1295/16;710;0;ornamentation;0;107;False
1187;50;1/8;81;711;5;match;3;107;True
1188;53;1/8;81;711;2;match;2;107;True
1187;50;1/8;81;711;1;match;1;107;True
1189;69;1/8;81;711;0;match;0;107;True
1187;50;1/8;81;711;5;match;3;108;True
1188;53;1/8;81;711;2;match;2;108;True
1187;50;1/8;81;711;1;match;1;108;True
1189;69;1/8;81;711;0;match;0;108;True
1190;62;1/16;649/8;712;3;ornamentation;0;108;False
1191;64;1/16;1299/16;713;3;ornamentation;0;108;False
1192;65;1/16;325/4;714;3;match;0;108;False
1193;67;1/16;1301/16;715;0;ornamentation;0;108;False
1194;69;1/16;651/8;716;0;repetition;0;108;False
1195;70;1/16;1303/16;717;0;ornamentation;0;108;False
1196;50;1/8;163/2;718;5;repetition;2;108;True
1197;65;1/8;163/2;718;3;match;1;108;True
1198;69;1/8;163/2;718;0;match;0;108;True
1196;50;1/8;163/2;718;5;repetition;2;109;True
1197;65;1/8;163/2;718;3;match;1;109;True
1198;69;1/8;163/2;718;0;match;0;109;True
1199;67;1/16;653/8;719;0;ornamentation;0;109;False
1200;69;1/16;1307/16;720;0;ornamentation;0;109;False
1201;46;1/4;327/4;721;5;match;3;109;True
1203;65;1/4;327/4;721;3;match;2;109;True
1202;58;1/4;327/4;721;2;match;1;109;True
1204;70;1/4;327/4;721;0;match;0;109;True
1214;48;1/8;165/2;726;5;match;3;110;True
1216;60;1/8;165/2;726;3;match;2;110;True
1215;55;1/8;165/2;726;2;match;1;110;True
1217;64;1/8;165/2;726;0;match;0;110;True
1218;62;1/16;661/8;727;3;adaptation;0;110;False
1219;60;1/16;1323/16;728;3;ornamentation;0;110;False
1220;59;1/16;331/4;729;3;adaptation;0;110;False
1221;60;1/16;1325/16;730;3;ornamentation;0;110;False
1222;62;1/16;663/8;731;3;adaptation;0;110;False
1223;64;1/16;1327/16;732;0;ornamentation;0;110;False
1224;50;3/16;83;733;5;match;2;110;True
1225;53;3/16;83;733;2;match;1;110;True
1226;65;3/16;83;733;0;match;0;110;True
1224;50;3/16;83;733;5;match;2;111;True
1225;53;3/16;83;733;2;match;1;111;True
1226;65;3/16;83;733;0;match;0;111;True
1227;64;1/16;1331/16;734;0;ornamentation;0;111;False
1228;62;1/16;333/4;735;0;ornamentation;0;111;False
1229;64;1/16;1333/16;736;0;ornamentation;0;111;False
1230;65;1/16;667/8;737;0;ornamentation;0;111;False
1231;67;1/16;1335/16;738;0;ornamentation;0;111;False
1232;50;1/8;167/2;739;5;repetition;2;111;True
1233;53;1/8;167/2;739;4;match;1;111;True
1234;65;1/8;167/2;739;0;repetition;0;111;True
1235;48;1/8;669/8;740;5;ornamentation;0;113;True
1236;50;1/16;335/4;741;5;ornamentation;0;113;False
1237;48;1/16;1341/16;742;5;ornamentation;0;113;False
1238;46;1/16;671/8;743;5;ornamentation;0;113;False
1239;45;1/16;1343/16;744;5;ornamentation;0;113;False
1240;46;1/8;84;745;5;match;2;113;True
1242;53;1/8;84;745;4;match;1;113;True
1241;50;1/8;84;745;1;match;0;113;True
1240;46;1/8;84;745;5;match;2;114;True
1242;53;1/8;84;745;4;match;1;114;True
1241;50;1/8;84;745;1;match;0;114;True
1243;52;1/16;673/8;746;4;ornamentation;0;114;False
1244;50;1/16;1347/16;747;4;ornamentation;0;114;False
1245;48;1/16;337/4;748;4;ornamentation;0;114;False
1246;50;1/16;1349/16;749;4;ornamentation;0;114;False
1247;52;1/16;675/8;750;4;ornamentation;0;114;False
1248;53;1/16;1351/16;751;4;ornamentation;0;114;False
1249;46;1/8;169/2;752;5;match;2;114;True
1251;55;1/8;169/2;752;4;match;1;114;True
1250;50;1/8;169/2;752;1;match;0;114;True
1249;46;1/8;169/2;752;5;match;2;115;True
1251;55;1/8;169/2;752;4;match;1;115;True
1250;50;1/8;169/2;752;1;match;0;115;True
1252;53;1/16;677/8;753;4;ornamentation;0;115;False
1253;55;1/16;1355/16;754;4;ornamentation;0;115;False
1254;57;1/16;339/4;755;4;ornamentation;0;115;False
1255;55;1/16;1357/16;756;4;ornamentation;0;115;False
1256;57;1/32;679/8;757;4;ornamentation;0;115;True
1255;55;1/16;1357/16;756;4;ornamentation;0;116;True
1256;57;1/32;679/8;757;4;ornamentation;0;116;False
1257;55;1/32;2717/32;758;4;ornamentation;0;116;False
1258;53;1/32;1359/16;759;4;ornamentation;0;116;False
1259;55;1/32;2719/32;760;4;ornamentation;0;116;False
1260;48;1/8;85;761;5;match;2;116;True
1262;57;1/8;85;761;4;match;1;116;True
1261;52;1/8;85;761;1;match;0;116;True
1265;50;1/8;171/2;764;5;match;4;118;True
1266;53;1/8;171/2;764;4;match;3;118;True
1267;62;1/8;171/2;764;2;match;2;118;True
1265;50;1/8;171/2;764;1;match;1;118;True
1268;69;1/8;171/2;764;0;match;0;118;True
1269;67;1/16;685/8;765;0;ornamentation;0;118;False
1270;65;1/16;1371/16;766;0;ornamentation;0;118;False
1271;64;1/16;343/4;767;0;ornamentation;0;118;False
1272;65;1/16;1373/16;768;0;ornamentation;0;118;False
1273;67;1/16;687/8;769;0;ornamentation;0;118;False
1274;69;1/16;1375/16;770;0;ornamentation;0;118;False
1275;43;1/8;86;771;5;match;3;118;True
1276;55;1/8;86;771;4;match;2;118;True
1277;62;1/8;86;771;2;match;1;118;True
1278;70;1/8;86;771;0;match;0;118;True
1275;43;1/8;86;771;5;match;3;119;True
1276;55;1/8;86;771;4;match;2;119;True
1277;62;1/8;86;771;2;match;1;119;True
1278;70;1/8;86;771;0;match;0;119;True
1279;62;1/16;689/8;772;0;ornamentation;0;119;False
1280;64;1/16;1379/16;773;0;ornamentation;0;119;False
1281;65;1/16;345/4;774;0;ornamentation;0;119;False
1282;67;1/16;1381/16;775;0;ornamentation;0;119;False
1283;69;1/16;691/8;776;0;ornamentation;0;119;False
1284;70;1/16;1383/16;777;0;ornamentation;0;119;False
1285;48;1/4;173/2;778;5;match;4;119;True
1286;55;1/4;173/2;778;4;repetition;3;119;True
1287;60;1/4;173/2;778;3;match;2;119;True
1288;63;1/4;173/2;778;2;ficta;1;119;True
1289;72;1/4;173/2;778;0;match;0;119;True
1297;43;1/8;175/2;782;5;match;4;120;True
1299;62;1/8;175/2;782;3;match;3;120;True
1299;62;1/8;175/2;782;2;match;2;120;True
1298;55;1/8;175/2;782;1;match;1;120;True
1300;70;1/8;175/2;782;0;match;0;120;True
1301;60;1/16;701/8;783;3;ornamentation;0;120;False
1302;58;1/16;1403/16;784;3;ornamentation;0;120;False
1303;57;1/16;351/4;785;3;ornamentation;0;120;False
1304;58;1/16;1405/16;786;3;ornamentation;0;120;False
1305;60;1/16;703/8;787;3;ornamentation;0;120;False
1306;62;1/16;1407/16;788;3;ornamentation;0;120;False
1308;64;1/8;88;789;3;match;1;120;True
1307;55;1/8;88;789;1;match;0;120;True
1308;64;1/8;88;789;3;match;1;121;True
1307;55;1/8;88;789;1;match;0;121;True
1309;53;1/16;705/8;790;1;ornamentation;0;121;False
1310;55;1/16;1411/16;791;1;ornamentation;0;121;False
1311;57;1/16;353/4;792;1;ornamentation;0;121;False
1312;55;1/16;1413/16;793;1;ornamentation;0;121;False
1313;53;1/16;707/8;794;1;ornamentation;0;121;False
1314;55;1/16;1415/16;795;1;ornamentation;0;121;False
1316;60;1/8;177/2;796;3;match;1;121;True
1315;57;1/8;177/2;796;1;match;0;121;True
1316;60;1/8;177/2;796;3;match;1;122;True
1315;57;1/8;177/2;796;1;match;0;122;True
1317;57;1/16;709/8;797;3;ornamentation;0;122;False
1318;58;1/16;1419/16;798;3;ornamentation;0;122;False
1319;60;1/16;355/4;799;3;ornamentation;0;122;False
1320;57;1/16;1421/16;800;3;ornamentation;0;122;False
1321;58;1/16;711/8;801;3;ornamentation;0;122;False
1322;60;1/16;1423/16;802;3;ornamentation;0;122;False
1323;62;1/4;89;803;3;match;1;122;True
1324;69;1/4;89;803;0;match;0;122;True
1336;43;3/16;181/2;809;5;match;4;123;True
1339;62;3/16;181/2;809;3;repetition;3;123;True
1338;58;3/16;181/2;809;2;match;2;123;True
1337;55;3/16;181/2;809;1;match;1;123;True
1340;70;3/16;181/2;809;0;match;0;123;True
1341;57;1/16;1451/16;810;2;ornamentation;0;123;False
1342;55;1/16;363/4;811;2;ornamentation;0;123;False
1343;57;1/16;1453/16;812;2;ornamentation;0;123;False
1344;58;1/16;727/8;813;2;ornamentation;0;123;False
1345;60;1/16;1455/16;814;2;ornamentation;0;123;False
1346;43;1/4;91;815;5;repetition;2;123;True
1347;55;1/4;91;815;4;match;1;123;True
1348;58;1/4;91;815;2;repetition;0;123;True
1352;51;1/8;183/2;817;5;match;2;124;True
1354;58;1/8;183/2;817;2;match;1;124;True
1353;55;1/8;183/2;817;1;match;0;124;True
1355;50;1/16;733/8;818;5;ornamentation;0;124;False
1356;51;1/16;1467/16;819;5;ornamentation;0;124;False
1357;53;1/16;367/4;820;5;adaptation;0;124;False
1358;51;1/16;1469/16;821;5;ornamentation;0;124;False
1359;50;1/16;735/8;822;5;ornamentation;0;124;False
1360;48;1/16;1471/16;823;5;ornamentation;0;124;False
1361;50;1/8;92;824;5;match;2;124;True
1363;58;1/8;92;824;2;repetition;1;124;True
1362;53;1/8;92;824;1;match;0;124;True
1361;50;1/8;92;824;5;match;2;125;True
1363;58;1/8;92;824;2;repetition;1;125;True
1362;53;1/8;92;824;1;match;0;125;True
1364;57;1/16;737/8;825;4;ornamentation;0;125;False
1365;58;1/16;1475/16;826;4;ornamentation;0;125;False
1366;48;1/8;369/4;827;5;match;2;125;True
1368;57;1/8;369/4;827;4;repetition;1;125;True
1367;52;1/8;369/4;827;1;match;0;125;True
1421;62;1/8;193/2;850;3;match;3;127;True
1419;50;1/8;193/2;850;2;match;2;127;True
1420;57;1/8;193/2;850;1;match;1;127;True
1422;65;1/8;193/2;850;0;match;0;127;True
1423;64;1/16;773/8;851;3;ornamentation;0;127;False
1424;62;1/16;1547/16;852;3;ornamentation;0;127;False
1425;60;1/16;387/4;853;3;adaptation;0;127;False
1426;62;1/16;1549/16;854;0;ornamentation;0;127;False
1427;64;1/16;775/8;855;0;ornamentation;0;127;False
1428;65;1/16;1551/16;856;0;ornamentation;0;127;False
1429;55;1/4;97;857;4;match;3;127;True
1431;62;1/4;97;857;3;repetition;2;127;True
1430;58;1/4;97;857;1;match;1;127;True
1432;67;1/4;97;857;0;match;0;127;True
1434;55;1/8;195/2;859;4;repetition;4;128;True
1436;62;1/8;195/2;859;3;match;3;128;True
1436;62;1/8;195/2;859;2;match;2;128;True
1435;58;1/8;195/2;859;1;match;1;128;True
1436;62;1/8;195/2;859;0;match;0;128;True
1437;55;1/16;781/8;860;0;ornamentation;0;128;False
1438;57;1/16;1563/16;861;0;ornamentation;0;128;False
1439;58;1/16;391/4;862;0;ornamentation;0;128;False
1440;60;1/16;1565/16;863;0;ornamentation;0;128;False
1441;62;1/16;783/8;864;0;ornamentation;0;128;False
1442;64;1/16;1567/16;865;0;ornamentation;0;128;False
1443;50;3/16;98;866;5;match;4;128;True
1443;50;3/16;98;866;4;match;3;128;True
1445;62;3/16;98;866;3;repetition;2;128;True
1444;57;3/16;98;866;1;match;1;128;True
1446;65;3/16;98;866;0;match;0;128;True
1443;50;3/16;98;866;5;match;4;129;True
1443;50;3/16;98;866;4;match;3;129;True
1445;62;3/16;98;866;3;repetition;2;129;True
1444;57;3/16;98;866;1;match;1;129;True
1446;65;3/16;98;866;0;match;0;129;True
1447;64;1/16;1571/16;867;0;ornamentation;0;129;False
1448;62;1/16;393/4;868;0;ornamentation;0;129;False
1449;64;1/16;1573/16;869;0;ornamentation;0;129;False
1450;65;1/16;787/8;870;0;repetition;0;129;False
1451;67;1/16;1575/16;871;0;ornamentation;0;129;False
1452;50;1/8;197/2;872;5;match;3;129;True
1453;53;1/8;197/2;872;4;match;2;129;True
1454;57;1/8;197/2;872;2;match;1;129;True
1455;69;1/8;197/2;872;0;match;0;129;True
1452;50;1/8;197/2;872;5;match;3;130;True
1453;53;1/8;197/2;872;4;match;2;130;True
1454;57;1/8;197/2;872;2;match;1;130;True
1455;69;1/8;197/2;872;0;match;0;130;True
1456;67;1/16;789/8;873;0;ornamentation;0;130;False
1457;65;1/16;1579/16;874;0;ornamentation;0;130;False
1458;67;1/16;395/4;875;0;adaptation;0;130;False
1459;65;1/16;1581/16;876;0;ornamentation;0;130;False
1460;64;1/16;791/8;877;0;ornamentation;0;130;False
1461;62;1/16;1583/16;878;0;ornamentation;0;130;False
1462;48;1/8;99;879;5;match;3;130;True
1463;55;1/8;99;879;4;match;2;130;True
1464;60;1/8;99;879;2;match;1;130;True
1465;64;1/8;99;879;0;match;0;130;True
1470;50;1/8;199/2;882;5;match;3;132;True
1471;57;1/8;199/2;882;4;match;2;132;True
1472;62;1/8;199/2;882;2;match;1;132;True
1473;67;1/8;199/2;882;0;repetition;0;132;True
1474;66;1/16;797/8;883;3;ornamentation;0;132;False
1475;64;1/16;1595/16;884;3;ornamentation;0;132;False
1476;62;1/16;399/4;885;3;repetition;0;132;False
1477;64;1/16;1597/16;886;0;ornamentation;0;132;False
1478;66;1/16;799/8;887;0;repetition;0;132;False
1479;67;1/16;1599/16;888;0;ornamentation;0;132;False
1480;69;1/16;100;889;0;adaptation;0;132;False
1481;67;1/16;1601/16;890;3;ornamentation;0;132;False
1482;66;1/16;801/8;891;3;ornamentation;0;132;False
1483;64;1/16;1603/16;892;3;ornamentation;0;132;False
1484;50;1/8;401/4;893;5;repetition;3;132;True
1485;57;1/8;401/4;893;4;repetition;2;132;True
1486;62;1/8;401/4;893;3;repetition;1;132;True
1487;67;1/8;401/4;893;0;adaptation;0;132;True
1499;48;1/8;203/2;899;5;match;5;134;True
1500;55;1/8;203/2;899;4;match;4;134;True
1501;60;1/8;203/2;899;3;match;3;134;True
1500;55;1/8;203/2;899;2;match;2;134;True
1502;64;1/8;203/2;899;1;match;1;134;True
1503;67;1/8;203/2;899;0;match;0;134;True
1504;46;1/16;813/8;900;5;ornamentation;0;134;False
1505;48;1/16;1627/16;901;5;ornamentation;0;134;False
1506;50;1/16;407/4;902;5;ornamentation;0;134;False
1507;48;1/16;1629/16;903;5;ornamentation;0;134;False
1508;46;1/16;815/8;904;5;ornamentation;0;134;False
1509;45;1/16;1631/16;905;5;ornamentation;0;134;False
1510;46;1/4;102;906;5;match;4;134;True
1511;55;1/4;102;906;4;match;3;134;True
1512;62;1/4;102;906;3;match;2;134;True
1512;62;1/4;102;906;1;match;1;134;True
1513;67;1/4;102;906;0;match;0;134;True
1516;48;3/16;205/2;908;5;match;4;135;True
1518;55;3/16;205/2;908;4;match;3;135;True
1517;52;3/16;205/2;908;2;match;2;135;True
1519;60;3/16;205/2;908;1;match;1;135;True
1520;67;3/16;205/2;908;0;match;0;135;True
1521;50;1/16;1643/16;909;2;ornamentation;0;135;False
1522;48;1/16;411/4;910;2;ornamentation;0;135;False
1523;50;1/16;1645/16;911;2;ornamentation;0;135;False
1524;52;1/16;823/8;912;2;repetition;0;135;False
1525;53;1/16;1647/16;913;2;ornamentation;0;135;False
1526;48;1/4;103;914;5;repetition;3;135;True
1528;64;1/4;103;914;3;repetition;2;135;True
1527;55;1/4;103;914;2;match;1;135;True
1529;67;1/4;103;914;0;repetition;0;135;True
1535;43;1/8;207/2;917;5;match;4;137;True
1536;55;1/8;207/2;917;4;match;3;137;True
1538;62;1/8;207/2;917;3;match;2;137;True
1537;58;1/8;207/2;917;1;match;1;137;True
1539;70;1/8;207/2;917;0;match;0;137;True
1540;58;1/16;829/8;918;1;ornamentation;0;137;False
1541;60;1/16;1659/16;919;1;ornamentation;0;137;False
1542;62;1/16;415/4;920;1;match;0;137;False
1543;64;1/16;1661/16;921;0;ornamentation;0;137;False
1544;65;1/16;831/8;922;0;ornamentation;0;137;False
1545;67;1/16;1663/16;923;0;ornamentation;0;137;False
1546;50;1/4;104;924;5;match;3;137;True
1547;53;1/4;104;924;4;match;2;137;True
1548;57;1/4;104;924;2;match;1;137;True
1549;69;1/4;104;924;0;match;0;137;True
1565;46;1/4;211/2;931;5;match;4;138;True
1566;53;1/4;211/2;931;4;match;3;138;True
1568;62;1/4;211/2;931;3;match;2;138;True
1567;58;1/4;211/2;931;1;match;1;138;True
1569;74;1/4;211/2;931;0;match;0;138;True
1570;74;1/8;423/4;932;0;match;0;138;False
1571;58;1/8;847/8;933;1;ornamentation;0;138;False
1572;43;1/4;106;934;5;match;4;138;True
1573;55;1/4;106;934;4;match;3;138;True
1575;62;1/4;106;934;3;repetition;2;138;True
1574;58;1/4;106;934;1;match;1;138;True
1576;70;1/4;106;934;0;match;0;138;True
1603;45;3/16;217/2;946;5;match;3;139;True
1604;53;3/16;217/2;946;2;match;2;139;True
1605;57;3/16;217/2;946;1;match;1;139;True
1606;72;3/16;217/2;946;0;repetition;0;139;True
1607;70;1/16;1739/16;947;0;ornamentation;0;139;False
1608;72;1/16;435/4;948;0;match;0;139;False
1609;70;1/16;1741/16;949;0;ornamentation;0;139;False
1610;69;1/16;871/8;950;0;ornamentation;0;139;False
1611;67;1/16;1743/16;951;0;ornamentation;0;139;False
1612;50;1/8;109;952;5;match;5;139;True
1613;53;1/8;109;952;4;match;4;139;True
1615;62;1/8;109;952;3;match;3;139;True
1613;53;1/8;109;952;2;match;2;139;True
1614;57;1/8;109;952;1;match;1;139;True
1616;69;1/8;109;952;0;match;0;139;True
1612;50;1/8;109;952;5;match;5;140;True
1613;53;1/8;109;952;4;match;4;140;True
1615;62;1/8;109;952;3;match;3;140;True
1613;53;1/8;109;952;2;match;2;140;True
1614;57;1/8;109;952;1;match;1;140;True
1616;69;1/8;109;952;0;match;0;140;True
1617;62;1/16;873/8;953;0;ornamentation;0;140;False
1618;64;1/16;1747/16;954;0;ornamentation;0;140;False
1619;65;1/16;437/4;955;0;ornamentation;0;140;False
1620;67;1/16;1749/16;956;0;ornamentation;0;140;False
1621;69;1/16;875/8;957;0;ornamentation;0;140;False
1622;70;1/16;1751/16;958;0;ornamentation;0;140;False
1623;50;1/8;219/2;959;5;match;4;140;True
1624;53;1/8;219/2;959;4;repetition;3;140;True
1623;50;1/8;219/2;959;2;match;2;140;True
1625;62;1/8;219/2;959;1;match;1;140;True
1626;69;1/8;219/2;959;0;match;0;140;True
1631;43;1/4;110;962;5;match;4;142;True
1632;55;1/4;110;962;4;match;3;142;True
1634;62;1/4;110;962;3;match;2;142;True
1633;58;1/4;110;962;1;match;1;142;True
1635;70;1/4;110;962;0;match;0;142;True
1636;67;1/8;441/4;963;0;ornamentation;0;142;False
1637;69;1/8;883/8;964;0;ornamentation;0;142;False
1638;43;3/16;221/2;965;5;match;5;142;True
1639;55;3/16;221/2;965;4;match;4;142;True
1640;62;3/16;221/2;965;3;match;3;142;True
1639;55;3/16;221/2;965;2;match;2;142;True
1639;55;3/16;221/2;965;1;match;1;142;True
1641;70;3/16;221/2;965;0;match;0;142;True
1638;43;3/16;221/2;965;5;match;5;143;True
1639;55;3/16;221/2;965;4;match;4;143;True
1640;62;3/16;221/2;965;3;match;3;143;True
1639;55;3/16;221/2;965;2;match;2;143;True
1639;55;3/16;221/2;965;1;match;1;143;True
1641;70;3/16;221/2;965;0;match;0;143;True
1642;69;1/16;1771/16;966;3;ornamentation;0;143;False
1643;67;1/16;443/4;967;3;ornamentation;0;143;False
1644;65;1/16;1773/16;968;3;ornamentation;0;143;False
1645;64;1/16;887/8;969;3;ornamentation;0;143;False
1646;62;1/16;1775/16;970;3;ornamentation;0;143;False
1647;48;1/4;111;971;5;match;4;143;True
1648;55;1/4;111;971;4;match;3;143;True
1649;64;1/4;111;971;3;match;2;143;True
1648;55;1/4;111;971;1;match;1;143;True
1650;67;1/4;111;971;0;match;0;143;True
1660;45;1/8;112;976;5;match;4;144;True
1662;57;1/8;112;976;4;match;3;144;True
1663;60;1/8;112;976;3;match;2;144;True
1661;52;1/8;112;976;2;match;1;144;True
1664;72;1/8;112;976;0;match;0;144;True
1665;62;1/16;897/8;977;3;ornamentation;0;144;False
1666;64;1/16;1795/16;978;3;ornamentation;0;144;False
1667;65;1/16;449/4;979;3;adaptation;0;144;False
1668;67;1/16;1797/16;980;0;ornamentation;0;144;False
1669;69;1/16;899/8;981;0;ornamentation;0;144;False
1670;70;1/16;1799/16;982;0;ornamentation;0;144;False
1671;45;1/8;225/2;983;5;match;3;144;True
1672;53;1/8;225/2;983;2;match;2;144;True
1673;57;1/8;225/2;983;1;match;1;144;True
1674;72;1/8;225/2;983;0;repetition;0;144;True
1678;50;1/8;113;986;5;match;5;146;True
1679;53;1/8;113;986;4;match;4;146;True
1681;62;1/8;113;986;3;match;3;146;True
1679;53;1/8;113;986;2;match;2;146;True
1680;57;1/8;113;986;1;match;1;146;True
1682;69;1/8;113;986;0;match;0;146;True
1683;62;1/16;905/8;987;0;ornamentation;0;146;False
1684;64;1/16;1811/16;988;0;ornamentation;0;146;False
1685;65;1/16;453/4;989;0;ornamentation;0;146;False
1686;67;1/16;1813/16;990;0;ornamentation;0;146;False
1687;69;1/16;907/8;991;0;ornamentation;0;146;False
1688;70;1/16;1815/16;992;0;ornamentation;0;146;False
1689;50;1/8;227/2;993;5;match;5;146;True
1690;53;1/8;227/2;993;4;repetition;4;146;True
1691;62;1/8;227/2;993;3;match;3;146;True
1689;50;1/8;227/2;993;2;match;2;146;True
1691;62;1/8;227/2;993;1;match;1;146;True
1692;69;1/8;227/2;993;0;match;0;146;True
1720;48;1/8;116;1005;5;match;4;148;True
1721;55;1/8;116;1005;4;repetition;3;148;True
1722;60;1/8;116;1005;3;match;2;148;True
1723;64;1/8;116;1005;1;adaptation;1;148;True
1724;72;1/8;116;1005;0;match;0;148;True
1725;71;1/16;929/8;1006;0;ornamentation;0;148;False
1726;69;1/16;1859/16;1007;0;ornamentation;0;148;False
1727;67;1/16;465/4;1008;0;adaptation;0;148;False
1728;65;1/16;1861/16;1009;3;ornamentation;0;148;False
1729;64;1/16;931/8;1010;3;adaptation;0;148;False
1730;62;1/16;1863/16;1011;3;ornamentation;0;148;False
1731;48;1/4;233/2;1012;5;match;4;148;True
1732;55;1/4;233/2;1012;4;repetition;3;148;True
1734;64;1/4;233/2;1012;3;adaptation;2;148;True
1733;60;1/4;233/2;1012;1;match;1;148;True
1735;72;1/4;233/2;1012;0;match;0;148;True
1739;43;1/8;117;1015;5;match;4;150;True
1740;55;1/8;117;1015;4;repetition;3;150;True
1742;62;1/8;117;1015;3;match;2;150;True
1741;58;1/8;117;1015;1;match;1;150;True
1743;70;1/8;117;1015;0;match;0;150;True
1744;60;1/16;937/8;1016;0;ornamentation;0;150;False
1745;62;1/16;1875/16;1017;0;ornamentation;0;150;False
1746;64;1/16;469/4;1018;0;ornamentation;0;150;False
1747;65;1/16;1877/16;1019;0;ornamentation;0;150;False
1748;67;1/16;939/8;1020;0;ornamentation;0;150;False
1749;69;1/16;1879/16;1021;0;ornamentation;0;150;False
1750;43;3/8;235/2;1022;5;repetition;5;150;True
1752;55;3/8;235/2;1022;4;repetition;4;150;True
1754;62;3/8;235/2;1022;3;repetition;3;150;True
1751;50;3/8;235/2;1022;2;repetition;2;150;True
1753;58;3/8;235/2;1022;1;match;1;150;True
1755;70;3/8;235/2;1022;0;match;0;150;True
1757;43;3/16;118;1024;5;repetition;5;151;True
1759;55;3/16;118;1024;4;repetition;4;151;True
1761;62;3/16;118;1024;3;repetition;3;151;True
1758;50;3/16;118;1024;2;repetition;2;151;True
1760;58;3/16;118;1024;1;match;1;151;True
1762;67;3/16;118;1024;0;match;0;151;True
1763;57;1/16;1891/16;1025;1;ornamentation;0;151;False
1764;55;1/16;473/4;1026;1;ornamentation;0;151;False
1765;57;1/16;1893/16;1027;1;ornamentation;0;151;False
1766;58;1/16;947/8;1028;1;ornamentation;0;151;False
1767;60;1/16;1895/16;1029;1;ornamentation;0;151;False
1768;43;1/4;237/2;1030;5;repetition;5;151;True
1770;55;1/4;237/2;1030;4;repetition;4;151;True
1772;62;1/4;237/2;1030;3;repetition;3;151;True
1769;50;1/4;237/2;1030;2;repetition;2;151;True
1771;58;1/4;237/2;1030;1;repetition;1;151;True
1773;67;1/4;237/2;1030;0;repetition;0;151;True
